model,accuracy,f1_score,auroc
logistic_regression,0.8571428571428571,0.3333333333333333,0.78125
logistic_regression_smote,0.8214285714285714,0.5454545454545454,0.78125
random_forest,0.8571428571428571,0.3333333333333333,0.6510416666666666
