model,accuracy,f1_score,auroc
logistic_regression,0.8214285714285714,0.0,0.46875
logistic_regression_smote,0.6428571428571429,0.2857142857142857,0.5625
random_forest,0.8214285714285714,0.0,0.5625
